filename,label
0.npy,baby
1.npy,baby
2.npy,baby
3.npy,baby
4.npy,baby
5.npy,baby
6.npy,baby
7.npy,back
8.npy,back
9.npy,back
10.npy,back
11.npy,back
12.npy,back
13.npy,backpack
14.npy,backpack
15.npy,backpack
16.npy,backpack
17.npy,backpack
18.npy,backpack
19.npy,backpack
20.npy,backpack
21.npy,backpack
22.npy,backpack
23.npy,backpack
24.npy,bad
25.npy,bad
26.npy,bad
27.npy,bad
28.npy,bad
29.npy,bad
30.npy,bad
31.npy,bad
32.npy,bad
33.npy,bake
34.npy,bake
35.npy,bake
36.npy,bake
37.npy,bake
38.npy,bake
39.npy,balance
40.npy,balance
41.npy,balance
42.npy,balance
43.npy,balance
44.npy,balance
45.npy,balance
46.npy,balance
47.npy,ball
48.npy,ball
49.npy,ball
50.npy,ball
51.npy,ball
52.npy,ball
53.npy,ball
54.npy,ball
55.npy,ball
56.npy,banana
57.npy,banana
58.npy,banana
59.npy,banana
60.npy,banana
61.npy,banana
62.npy,banana
63.npy,bar
64.npy,bar
65.npy,bar
66.npy,bar
67.npy,bar
68.npy,bar
69.npy,bar
70.npy,bar
71.npy,bar
72.npy,basketball
73.npy,basketball
74.npy,basketball
75.npy,basketball
76.npy,basketball
77.npy,basketball
78.npy,basketball
79.npy,basketball
80.npy,basketball
81.npy,bath
82.npy,bath
83.npy,bath
84.npy,bath
85.npy,bath
86.npy,bath
87.npy,bath
88.npy,bath
89.npy,bathroom
90.npy,bathroom
91.npy,bathroom
92.npy,bathroom
93.npy,bathroom
94.npy,bathroom
95.npy,bathroom
96.npy,bathroom
97.npy,bathroom
98.npy,beard
99.npy,beard
100.npy,beard
101.npy,beard
102.npy,beard
103.npy,beard
104.npy,beard
105.npy,beard
106.npy,because
107.npy,because
108.npy,because
109.npy,because
110.npy,because
111.npy,because
112.npy,because
113.npy,bed
114.npy,bed
115.npy,bed
116.npy,bed
117.npy,bed
118.npy,bed
119.npy,bed
120.npy,bed
121.npy,bed
122.npy,bed
123.npy,bed
124.npy,bed
125.npy,bed
126.npy,before
127.npy,before
128.npy,before
129.npy,before
130.npy,before
131.npy,before
132.npy,before
133.npy,before
134.npy,before
135.npy,before
136.npy,before
137.npy,before
138.npy,before
139.npy,before
140.npy,before
141.npy,behind
142.npy,behind
143.npy,behind
144.npy,behind
145.npy,behind
146.npy,behind
147.npy,behind
148.npy,behind
149.npy,bird
150.npy,bird
151.npy,bird
152.npy,bird
153.npy,bird
154.npy,bird
155.npy,bird
156.npy,bird
157.npy,bird
158.npy,bird
159.npy,bird
160.npy,birthday
161.npy,birthday
162.npy,birthday
163.npy,birthday
164.npy,birthday
165.npy,birthday
166.npy,birthday
167.npy,black
168.npy,black
169.npy,black
170.npy,black
171.npy,black
172.npy,black
173.npy,black
174.npy,black
175.npy,black
176.npy,black
177.npy,black
178.npy,black
179.npy,blanket
180.npy,blanket
181.npy,blanket
182.npy,blanket
183.npy,blanket
184.npy,blanket
185.npy,blanket
186.npy,blanket
187.npy,blanket
188.npy,blue
189.npy,blue
190.npy,blue
191.npy,blue
192.npy,blue
193.npy,blue
194.npy,blue
195.npy,blue
196.npy,blue
197.npy,blue
198.npy,blue
199.npy,blue
200.npy,book
201.npy,book
202.npy,book
203.npy,book
204.npy,book
205.npy,book
206.npy,book
207.npy,book
208.npy,book
209.npy,book
210.npy,book
211.npy,book
212.npy,book
213.npy,book
214.npy,book
215.npy,book
216.npy,book
217.npy,book
218.npy,book
219.npy,book
220.npy,book
221.npy,book
222.npy,book
223.npy,bowling
224.npy,bowling
225.npy,bowling
226.npy,bowling
227.npy,bowling
228.npy,bowling
229.npy,bowling
230.npy,bowling
231.npy,bowling
232.npy,bowling
233.npy,bowling
234.npy,bowling
235.npy,boy
236.npy,boy
237.npy,boy
238.npy,boy
239.npy,boy
240.npy,boy
241.npy,bring
242.npy,bring
243.npy,bring
244.npy,bring
245.npy,bring
246.npy,bring
247.npy,bring
248.npy,brother
249.npy,brother
250.npy,brother
251.npy,brother
252.npy,brother
253.npy,brother
254.npy,brother
255.npy,brother
256.npy,brother
257.npy,brother
258.npy,brown
259.npy,brown
260.npy,brown
261.npy,brown
262.npy,brown
263.npy,brown
264.npy,brown
265.npy,brown
266.npy,brown
267.npy,business
268.npy,business
269.npy,business
270.npy,business
271.npy,business
272.npy,business
273.npy,business
274.npy,business
275.npy,but
276.npy,but
277.npy,but
278.npy,but
279.npy,but
280.npy,but
281.npy,but
282.npy,but
283.npy,buy
284.npy,buy
285.npy,buy
286.npy,buy
287.npy,buy
288.npy,buy
289.npy,buy
290.npy,buy
291.npy,buy
292.npy,call
293.npy,call
294.npy,call
295.npy,call
296.npy,call
297.npy,call
298.npy,call
299.npy,call
300.npy,call
301.npy,candy
302.npy,candy
303.npy,candy
304.npy,candy
305.npy,candy
306.npy,candy
307.npy,candy
308.npy,candy
309.npy,candy
310.npy,candy
311.npy,candy
312.npy,can
313.npy,can
314.npy,can
315.npy,can
316.npy,can
317.npy,can
318.npy,can
319.npy,can
320.npy,can
321.npy,can
322.npy,can
323.npy,can
324.npy,can
325.npy,can
326.npy,can
327.npy,careful
328.npy,careful
329.npy,careful
330.npy,careful
331.npy,careful
332.npy,careful
333.npy,catch
334.npy,catch
335.npy,catch
336.npy,catch
337.npy,catch
338.npy,catch
339.npy,catch
340.npy,catch
341.npy,catch
342.npy,cat
343.npy,cat
344.npy,cat
345.npy,cat
346.npy,cat
347.npy,cat
348.npy,cat
349.npy,cat
350.npy,cat
351.npy,center
352.npy,center
353.npy,center
354.npy,center
355.npy,center
356.npy,center
357.npy,center
358.npy,center
359.npy,cereal
360.npy,cereal
361.npy,cereal
362.npy,cereal
363.npy,cereal
364.npy,cereal
365.npy,cereal
366.npy,chair
367.npy,chair
368.npy,chair
369.npy,chair
370.npy,chair
371.npy,chair
372.npy,chair
373.npy,chair
374.npy,chair
375.npy,chair
376.npy,chair
377.npy,chair
378.npy,chair
379.npy,chair
380.npy,champion
381.npy,champion
382.npy,champion
383.npy,champion
384.npy,champion
385.npy,champion
386.npy,champion
387.npy,champion
388.npy,champion
389.npy,change
390.npy,change
391.npy,change
392.npy,change
393.npy,change
394.npy,change
395.npy,change
396.npy,change
397.npy,change
398.npy,change
399.npy,change
400.npy,change
401.npy,change
402.npy,chat
403.npy,chat
404.npy,chat
405.npy,chat
406.npy,chat
407.npy,chat
408.npy,chat
409.npy,cheat
410.npy,cheat
411.npy,cheat
412.npy,cheat
413.npy,cheat
414.npy,cheat
415.npy,cheat
416.npy,cheat
417.npy,cheat
418.npy,cheat
419.npy,cheat
420.npy,check
421.npy,check
422.npy,check
423.npy,check
424.npy,check
425.npy,check
426.npy,check
427.npy,check
428.npy,check
429.npy,cheese
430.npy,cheese
431.npy,cheese
432.npy,cheese
433.npy,cheese
434.npy,cheese
435.npy,cheese
436.npy,children
437.npy,children
438.npy,children
439.npy,children
440.npy,children
441.npy,children
442.npy,children
443.npy,children
444.npy,children
445.npy,christmas
446.npy,christmas
447.npy,christmas
448.npy,christmas
449.npy,christmas
450.npy,christmas
451.npy,christmas
452.npy,christmas
453.npy,christmas
454.npy,city
455.npy,city
456.npy,city
457.npy,city
458.npy,city
459.npy,city
460.npy,city
461.npy,city
462.npy,city
463.npy,class
464.npy,class
465.npy,class
466.npy,class
467.npy,class
468.npy,class
469.npy,class
470.npy,class
471.npy,class
472.npy,clock
473.npy,clock
474.npy,clock
475.npy,clock
476.npy,clock
477.npy,clock
478.npy,clock
479.npy,clock
480.npy,clock
481.npy,clock
482.npy,close
483.npy,close
484.npy,close
485.npy,close
486.npy,close
487.npy,close
488.npy,close
489.npy,close
490.npy,close
491.npy,clothes
492.npy,clothes
493.npy,clothes
494.npy,clothes
495.npy,clothes
496.npy,clothes
497.npy,clothes
498.npy,clothes
499.npy,clothes
500.npy,clothes
501.npy,clothes
502.npy,clothes
503.npy,clothes
504.npy,clothes
505.npy,clothes
506.npy,clothes
507.npy,coffee
508.npy,coffee
509.npy,coffee
510.npy,coffee
511.npy,coffee
512.npy,coffee
513.npy,coffee
514.npy,cold
515.npy,cold
516.npy,cold
517.npy,cold
518.npy,cold
519.npy,cold
520.npy,cold
521.npy,cold
522.npy,cold
523.npy,cold
524.npy,college
525.npy,college
526.npy,college
527.npy,college
528.npy,college
529.npy,college
530.npy,college
531.npy,college
532.npy,college
533.npy,color
534.npy,color
535.npy,color
536.npy,color
537.npy,color
538.npy,color
539.npy,color
540.npy,color
541.npy,color
542.npy,color
543.npy,color
544.npy,color
545.npy,computer
546.npy,computer
547.npy,computer
548.npy,computer
549.npy,computer
550.npy,computer
551.npy,computer
552.npy,computer
553.npy,computer
554.npy,computer
555.npy,computer
556.npy,computer
557.npy,computer
558.npy,computer
559.npy,computer
560.npy,computer
561.npy,computer
562.npy,computer
563.npy,convince
564.npy,convince
565.npy,convince
566.npy,convince
567.npy,convince
568.npy,convince
569.npy,convince
570.npy,convince
571.npy,convince
572.npy,convince
573.npy,cook
574.npy,cook
575.npy,cook
576.npy,cook
577.npy,cook
578.npy,cook
579.npy,cook
580.npy,cook
581.npy,cook
582.npy,cook
583.npy,cool
584.npy,cool
585.npy,cool
586.npy,cool
587.npy,cool
588.npy,cool
589.npy,cool
590.npy,cool
591.npy,cool
592.npy,cool
593.npy,cool
594.npy,cool
595.npy,copy
596.npy,copy
597.npy,copy
598.npy,copy
599.npy,copy
600.npy,copy
601.npy,copy
602.npy,copy
603.npy,copy
604.npy,corn
605.npy,corn
606.npy,corn
607.npy,corn
608.npy,corn
609.npy,corn
610.npy,corn
611.npy,corn
612.npy,corn
613.npy,cough
614.npy,cough
615.npy,cough
616.npy,cough
617.npy,cough
618.npy,cough
619.npy,cough
620.npy,cough
621.npy,country
622.npy,country
623.npy,country
624.npy,country
625.npy,country
626.npy,country
627.npy,country
628.npy,country
629.npy,cousin
630.npy,cousin
631.npy,cousin
632.npy,cousin
633.npy,cousin
634.npy,cousin
635.npy,cousin
636.npy,cousin
637.npy,cousin
638.npy,cousin
639.npy,cousin
640.npy,cousin
641.npy,cousin
642.npy,cousin
643.npy,cow
644.npy,cow
645.npy,cow
646.npy,cow
647.npy,cow
648.npy,cow
649.npy,cow
650.npy,cow
651.npy,cow
652.npy,cow
653.npy,cow
654.npy,crash
655.npy,crash
656.npy,crash
657.npy,crash
658.npy,crash
659.npy,crash
660.npy,crash
661.npy,crash
662.npy,crash
663.npy,crazy
664.npy,crazy
665.npy,crazy
666.npy,crazy
667.npy,crazy
668.npy,crazy
669.npy,cry
670.npy,cry
671.npy,cry
672.npy,cry
673.npy,cry
674.npy,cry
675.npy,cry
676.npy,cry
677.npy,cry
678.npy,cry
679.npy,cry
680.npy,cute
681.npy,cute
682.npy,cute
683.npy,cute
684.npy,cute
685.npy,cute
686.npy,cute
687.npy,cute
688.npy,cute
689.npy,dance
690.npy,dance
691.npy,dance
692.npy,dance
693.npy,dance
694.npy,dance
695.npy,dance
696.npy,dance
697.npy,dance
698.npy,dance
699.npy,dark
700.npy,dark
701.npy,dark
702.npy,dark
703.npy,dark
704.npy,dark
705.npy,dark
706.npy,dark
707.npy,dark
708.npy,dark
709.npy,daughter
710.npy,daughter
711.npy,daughter
712.npy,daughter
713.npy,daughter
714.npy,daughter
715.npy,daughter
716.npy,daughter
717.npy,daughter
718.npy,daughter
719.npy,day
720.npy,day
721.npy,day
722.npy,day
723.npy,day
724.npy,day
725.npy,day
726.npy,deaf
727.npy,deaf
728.npy,deaf
729.npy,deaf
730.npy,deaf
731.npy,deaf
732.npy,deaf
733.npy,deaf
734.npy,deaf
735.npy,deaf
736.npy,deaf
737.npy,deaf
738.npy,decide
739.npy,decide
740.npy,decide
741.npy,decide
742.npy,decide
743.npy,decide
744.npy,decide
745.npy,decide
746.npy,decide
747.npy,delay
748.npy,delay
749.npy,delay
750.npy,delay
751.npy,delay
752.npy,delay
753.npy,delay
754.npy,delay
755.npy,delay
756.npy,delay
757.npy,delicious
758.npy,delicious
759.npy,delicious
760.npy,delicious
761.npy,delicious
762.npy,delicious
763.npy,delicious
764.npy,delicious
765.npy,different
766.npy,different
767.npy,different
768.npy,different
769.npy,different
770.npy,different
771.npy,different
772.npy,different
773.npy,different
774.npy,different
775.npy,disappear
776.npy,disappear
777.npy,disappear
778.npy,disappear
779.npy,disappear
780.npy,disappear
781.npy,disappear
782.npy,disappear
783.npy,discuss
784.npy,discuss
785.npy,discuss
786.npy,discuss
787.npy,discuss
788.npy,discuss
789.npy,discuss
790.npy,discuss
791.npy,discuss
792.npy,divorce
793.npy,divorce
794.npy,divorce
795.npy,divorce
796.npy,divorce
797.npy,divorce
798.npy,divorce
799.npy,doctor
800.npy,doctor
801.npy,doctor
802.npy,doctor
803.npy,doctor
804.npy,doctor
805.npy,doctor
806.npy,doctor
807.npy,doctor
808.npy,dog
809.npy,dog
810.npy,dog
811.npy,dog
812.npy,dog
813.npy,dog
814.npy,dog
815.npy,dog
816.npy,dog
817.npy,dog
818.npy,dog
819.npy,door
820.npy,door
821.npy,door
822.npy,door
823.npy,door
824.npy,door
825.npy,door
826.npy,door
827.npy,door
828.npy,draw
829.npy,draw
830.npy,draw
831.npy,draw
832.npy,draw
833.npy,draw
834.npy,dress
835.npy,dress
836.npy,dress
837.npy,dress
838.npy,dress
839.npy,dress
840.npy,dress
841.npy,drink
842.npy,drink
843.npy,drink
844.npy,drink
845.npy,drink
846.npy,drink
847.npy,drink
848.npy,drink
849.npy,drink
850.npy,drink
851.npy,drink
852.npy,drink
853.npy,drink
854.npy,drink
855.npy,drink
856.npy,drink
857.npy,drink
858.npy,drink
859.npy,drink
860.npy,drink
861.npy,drive
862.npy,drive
863.npy,drive
864.npy,drive
865.npy,drive
866.npy,drive
867.npy,drive
868.npy,drive
869.npy,drop
870.npy,drop
871.npy,drop
872.npy,drop
873.npy,drop
874.npy,drop
875.npy,drop
876.npy,drop
877.npy,drop
878.npy,east
879.npy,east
880.npy,east
881.npy,east
882.npy,east
883.npy,east
884.npy,east
885.npy,east
886.npy,easy
887.npy,easy
888.npy,easy
889.npy,easy
890.npy,easy
891.npy,easy
892.npy,eat
893.npy,eat
894.npy,eat
895.npy,eat
896.npy,eat
897.npy,eat
898.npy,eat
899.npy,eat
900.npy,eat
901.npy,egg
902.npy,egg
903.npy,egg
904.npy,egg
905.npy,egg
906.npy,egg
907.npy,egg
908.npy,enjoy
909.npy,enjoy
910.npy,enjoy
911.npy,enjoy
912.npy,enjoy
913.npy,enjoy
914.npy,enjoy
915.npy,enjoy
916.npy,enjoy
917.npy,enjoy
918.npy,environment
919.npy,environment
920.npy,environment
921.npy,environment
922.npy,environment
923.npy,environment
924.npy,environment
925.npy,example
926.npy,example
927.npy,example
928.npy,example
929.npy,example
930.npy,example
931.npy,example
932.npy,example
933.npy,example
934.npy,family
935.npy,family
936.npy,family
937.npy,family
938.npy,family
939.npy,family
940.npy,family
941.npy,family
942.npy,family
943.npy,family
944.npy,family
945.npy,family
946.npy,family
947.npy,far
948.npy,far
949.npy,far
950.npy,far
951.npy,far
952.npy,far
953.npy,far
954.npy,far
955.npy,far
956.npy,father
957.npy,father
958.npy,father
959.npy,father
960.npy,father
961.npy,father
962.npy,father
963.npy,father
964.npy,father
965.npy,fat
966.npy,fat
967.npy,fat
968.npy,fat
969.npy,fat
970.npy,fat
971.npy,fat
972.npy,fat
973.npy,fat
974.npy,fat
975.npy,fault
976.npy,fault
977.npy,fault
978.npy,fault
979.npy,fault
980.npy,fault
981.npy,fault
982.npy,fault
983.npy,fault
984.npy,feel
985.npy,feel
986.npy,feel
987.npy,feel
988.npy,feel
989.npy,feel
990.npy,feel
991.npy,fine
992.npy,fine
993.npy,fine
994.npy,fine
995.npy,fine
996.npy,fine
997.npy,fine
998.npy,fine
999.npy,fine
1000.npy,fine
1001.npy,fine
1002.npy,fine
1003.npy,finish
1004.npy,finish
1005.npy,finish
1006.npy,finish
1007.npy,finish
1008.npy,finish
1009.npy,finish
1010.npy,finish
1011.npy,finish
1012.npy,first
1013.npy,first
1014.npy,first
1015.npy,first
1016.npy,first
1017.npy,first
1018.npy,first
1019.npy,fish
1020.npy,fish
1021.npy,fish
1022.npy,fish
1023.npy,fish
1024.npy,fish
1025.npy,fish
1026.npy,fish
1027.npy,fish
1028.npy,fish
1029.npy,fish
1030.npy,flower
1031.npy,flower
1032.npy,flower
1033.npy,flower
1034.npy,flower
1035.npy,flower
1036.npy,flower
1037.npy,flower
1038.npy,football
1039.npy,football
1040.npy,football
1041.npy,football
1042.npy,football
1043.npy,football
1044.npy,football
1045.npy,forget
1046.npy,forget
1047.npy,forget
1048.npy,forget
1049.npy,forget
1050.npy,forget
1051.npy,forget
1052.npy,forget
1053.npy,forget
1054.npy,forget
1055.npy,forget
1056.npy,friend
1057.npy,friend
1058.npy,friend
1059.npy,friend
1060.npy,friend
1061.npy,friend
1062.npy,friend
1063.npy,friend
1064.npy,friendly
1065.npy,friendly
1066.npy,friendly
1067.npy,friendly
1068.npy,friendly
1069.npy,friendly
1070.npy,friendly
1071.npy,full
1072.npy,full
1073.npy,full
1074.npy,full
1075.npy,full
1076.npy,full
1077.npy,full
1078.npy,full
1079.npy,full
1080.npy,full
1081.npy,full
1082.npy,future
1083.npy,future
1084.npy,future
1085.npy,future
1086.npy,future
1087.npy,future
1088.npy,game
1089.npy,game
1090.npy,game
1091.npy,game
1092.npy,game
1093.npy,game
1094.npy,girl
1095.npy,girl
1096.npy,girl
1097.npy,girl
1098.npy,girl
1099.npy,girl
1100.npy,give
1101.npy,give
1102.npy,give
1103.npy,give
1104.npy,give
1105.npy,give
1106.npy,give
1107.npy,give
1108.npy,give
1109.npy,give
1110.npy,give
1111.npy,give
1112.npy,glasses
1113.npy,glasses
1114.npy,glasses
1115.npy,glasses
1116.npy,glasses
1117.npy,glasses
1118.npy,glasses
1119.npy,glasses
1120.npy,go
1121.npy,go
1122.npy,go
1123.npy,go
1124.npy,go
1125.npy,go
1126.npy,go
1127.npy,go
1128.npy,go
1129.npy,go
1130.npy,go
1131.npy,go
1132.npy,go
1133.npy,go
1134.npy,go
1135.npy,go
1136.npy,go
1137.npy,good
1138.npy,good
1139.npy,good
1140.npy,good
1141.npy,good
1142.npy,good
1143.npy,good
1144.npy,good
1145.npy,good
1146.npy,government
1147.npy,government
1148.npy,government
1149.npy,government
1150.npy,government
1151.npy,government
1152.npy,government
1153.npy,government
1154.npy,graduate
1155.npy,graduate
1156.npy,graduate
1157.npy,graduate
1158.npy,graduate
1159.npy,graduate
1160.npy,graduate
1161.npy,graduate
1162.npy,graduate
1163.npy,graduate
1164.npy,graduate
1165.npy,graduate
1166.npy,graduate
1167.npy,graduate
1168.npy,green
1169.npy,green
1170.npy,green
1171.npy,green
1172.npy,green
1173.npy,green
1174.npy,green
1175.npy,green
1176.npy,green
1177.npy,hair
1178.npy,hair
1179.npy,hair
1180.npy,hair
1181.npy,hair
1182.npy,hair
1183.npy,hair
1184.npy,hair
1185.npy,hair
1186.npy,halloween
1187.npy,halloween
1188.npy,halloween
1189.npy,halloween
1190.npy,halloween
1191.npy,halloween
1192.npy,halloween
1193.npy,happy
1194.npy,happy
1195.npy,happy
1196.npy,happy
1197.npy,happy
1198.npy,happy
1199.npy,happy
1200.npy,happy
1201.npy,happy
1202.npy,happy
1203.npy,hard
1204.npy,hard
1205.npy,hard
1206.npy,hard
1207.npy,hard
1208.npy,hard
1209.npy,hard
1210.npy,hat
1211.npy,hat
1212.npy,hat
1213.npy,hat
1214.npy,hat
1215.npy,hat
1216.npy,hat
1217.npy,hat
1218.npy,hat
1219.npy,hat
1220.npy,hat
1221.npy,hat
1222.npy,hat
1223.npy,have
1224.npy,have
1225.npy,have
1226.npy,have
1227.npy,have
1228.npy,have
1229.npy,have
1230.npy,have
1231.npy,have
1232.npy,headache
1233.npy,headache
1234.npy,headache
1235.npy,headache
1236.npy,headache
1237.npy,headache
1238.npy,headache
1239.npy,headache
1240.npy,headache
1241.npy,headache
1242.npy,hear
1243.npy,hear
1244.npy,hear
1245.npy,hear
1246.npy,hear
1247.npy,hear
1248.npy,hear
1249.npy,hear
1250.npy,hear
1251.npy,hear
1252.npy,hearing
1253.npy,hearing
1254.npy,hearing
1255.npy,hearing
1256.npy,hearing
1257.npy,hearing
1258.npy,hearing
1259.npy,hearing
1260.npy,hearing
1261.npy,hearing
1262.npy,hearing
1263.npy,hearing
1264.npy,hearing
1265.npy,heart
1266.npy,heart
1267.npy,heart
1268.npy,heart
1269.npy,heart
1270.npy,heart
1271.npy,heart
1272.npy,heart
1273.npy,heart
1274.npy,help
1275.npy,help
1276.npy,help
1277.npy,help
1278.npy,help
1279.npy,help
1280.npy,help
1281.npy,help
1282.npy,help
1283.npy,help
1284.npy,help
1285.npy,help
1286.npy,here
1287.npy,here
1288.npy,here
1289.npy,here
1290.npy,here
1291.npy,here
1292.npy,here
1293.npy,home
1294.npy,home
1295.npy,home
1296.npy,home
1297.npy,home
1298.npy,home
1299.npy,home
1300.npy,home
1301.npy,hope
1302.npy,hope
1303.npy,hope
1304.npy,hope
1305.npy,hope
1306.npy,hope
1307.npy,hope
1308.npy,hope
1309.npy,hope
1310.npy,hot
1311.npy,hot
1312.npy,hot
1313.npy,hot
1314.npy,hot
1315.npy,hot
1316.npy,hot
1317.npy,hot
1318.npy,hot
1319.npy,hot
1320.npy,hot
1321.npy,hot
1322.npy,hot
1323.npy,hot
1324.npy,hot
1325.npy,hour
1326.npy,hour
1327.npy,hour
1328.npy,hour
1329.npy,hour
1330.npy,hour
1331.npy,hour
1332.npy,hour
1333.npy,hour
1334.npy,house
1335.npy,house
1336.npy,house
1337.npy,house
1338.npy,house
1339.npy,house
1340.npy,house
1341.npy,how
1342.npy,how
1343.npy,how
1344.npy,how
1345.npy,how
1346.npy,how
1347.npy,how
1348.npy,how
1349.npy,how
1350.npy,how
1351.npy,humble
1352.npy,humble
1353.npy,humble
1354.npy,humble
1355.npy,humble
1356.npy,humble
1357.npy,humble
1358.npy,humble
1359.npy,humble
1360.npy,hurry
1361.npy,hurry
1362.npy,hurry
1363.npy,hurry
1364.npy,hurry
1365.npy,hurry
1366.npy,hurry
1367.npy,hurry
1368.npy,hurry
1369.npy,husband
1370.npy,husband
1371.npy,husband
1372.npy,husband
1373.npy,husband
1374.npy,husband
1375.npy,husband
1376.npy,improve
1377.npy,improve
1378.npy,improve
1379.npy,improve
1380.npy,improve
1381.npy,improve
1382.npy,improve
1383.npy,improve
1384.npy,improve
1385.npy,inform
1386.npy,inform
1387.npy,inform
1388.npy,inform
1389.npy,inform
1390.npy,inform
1391.npy,inform
1392.npy,inform
1393.npy,inform
1394.npy,inform
1395.npy,interest
1396.npy,interest
1397.npy,interest
1398.npy,interest
1399.npy,interest
1400.npy,interest
1401.npy,interest
1402.npy,interest
1403.npy,interest
1404.npy,internet
1405.npy,internet
1406.npy,internet
1407.npy,internet
1408.npy,internet
1409.npy,internet
1410.npy,internet
1411.npy,internet
1412.npy,internet
1413.npy,jacket
1414.npy,jacket
1415.npy,jacket
1416.npy,jacket
1417.npy,jacket
1418.npy,jacket
1419.npy,jacket
1420.npy,jacket
1421.npy,jacket
1422.npy,jacket
1423.npy,jacket
1424.npy,join
1425.npy,join
1426.npy,join
1427.npy,join
1428.npy,join
1429.npy,join
1430.npy,join
1431.npy,join
1432.npy,join
1433.npy,jump
1434.npy,jump
1435.npy,jump
1436.npy,jump
1437.npy,jump
1438.npy,jump
1439.npy,kill
1440.npy,kill
1441.npy,kill
1442.npy,kill
1443.npy,kill
1444.npy,kill
1445.npy,kill
1446.npy,kill
1447.npy,kiss
1448.npy,kiss
1449.npy,kiss
1450.npy,kiss
1451.npy,kiss
1452.npy,kiss
1453.npy,kiss
1454.npy,kiss
1455.npy,kiss
1456.npy,kiss
1457.npy,kiss
1458.npy,knife
1459.npy,knife
1460.npy,knife
1461.npy,knife
1462.npy,knife
1463.npy,knife
1464.npy,knife
1465.npy,knife
1466.npy,knife
1467.npy,knife
1468.npy,know
1469.npy,know
1470.npy,know
1471.npy,know
1472.npy,know
1473.npy,know
1474.npy,know
1475.npy,know
1476.npy,know
1477.npy,know
1478.npy,language
1479.npy,language
1480.npy,language
1481.npy,language
1482.npy,language
1483.npy,language
1484.npy,language
1485.npy,language
1486.npy,language
1487.npy,last
1488.npy,last
1489.npy,last
1490.npy,last
1491.npy,last
1492.npy,last
1493.npy,last
1494.npy,last
1495.npy,last
1496.npy,last
1497.npy,late
1498.npy,late
1499.npy,late
1500.npy,late
1501.npy,late
1502.npy,late
1503.npy,late
1504.npy,late
1505.npy,late
1506.npy,later
1507.npy,later
1508.npy,later
1509.npy,later
1510.npy,later
1511.npy,later
1512.npy,later
1513.npy,later
1514.npy,later
1515.npy,later
1516.npy,later
1517.npy,later
1518.npy,later
1519.npy,laugh
1520.npy,laugh
1521.npy,laugh
1522.npy,laugh
1523.npy,laugh
1524.npy,laugh
1525.npy,laugh
1526.npy,laugh
1527.npy,laugh
1528.npy,laugh
1529.npy,law
1530.npy,law
1531.npy,law
1532.npy,law
1533.npy,law
1534.npy,law
1535.npy,law
1536.npy,law
1537.npy,learn
1538.npy,learn
1539.npy,learn
1540.npy,learn
1541.npy,learn
1542.npy,learn
1543.npy,learn
1544.npy,learn
1545.npy,learn
1546.npy,learn
1547.npy,leave
1548.npy,leave
1549.npy,leave
1550.npy,leave
1551.npy,leave
1552.npy,leave
1553.npy,leave
1554.npy,leave
1555.npy,leave
1556.npy,letter
1557.npy,letter
1558.npy,letter
1559.npy,letter
1560.npy,letter
1561.npy,letter
1562.npy,letter
1563.npy,letter
1564.npy,letter
1565.npy,letter
1566.npy,light
1567.npy,light
1568.npy,light
1569.npy,light
1570.npy,light
1571.npy,light
1572.npy,light
1573.npy,light
1574.npy,light
1575.npy,light
1576.npy,like
1577.npy,like
1578.npy,like
1579.npy,like
1580.npy,like
1581.npy,like
1582.npy,like
1583.npy,like
1584.npy,like
1585.npy,like
1586.npy,like
1587.npy,like
1588.npy,like
1589.npy,list
1590.npy,list
1591.npy,list
1592.npy,list
1593.npy,list
1594.npy,list
1595.npy,list
1596.npy,list
1597.npy,list
1598.npy,list
1599.npy,live
1600.npy,live
1601.npy,live
1602.npy,live
1603.npy,live
1604.npy,live
1605.npy,lose
1606.npy,lose
1607.npy,lose
1608.npy,lose
1609.npy,lose
1610.npy,lose
1611.npy,lose
1612.npy,lose
1613.npy,lose
1614.npy,lose
1615.npy,make
1616.npy,make
1617.npy,make
1618.npy,make
1619.npy,make
1620.npy,make
1621.npy,make
1622.npy,man
1623.npy,man
1624.npy,man
1625.npy,man
1626.npy,man
1627.npy,man
1628.npy,man
1629.npy,man
1630.npy,man
1631.npy,man
1632.npy,man
1633.npy,man
1634.npy,many
1635.npy,many
1636.npy,many
1637.npy,many
1638.npy,many
1639.npy,many
1640.npy,many
1641.npy,many
1642.npy,many
1643.npy,many
1644.npy,many
1645.npy,many
1646.npy,many
1647.npy,many
1648.npy,match
1649.npy,match
1650.npy,match
1651.npy,match
1652.npy,match
1653.npy,match
1654.npy,match
1655.npy,match
1656.npy,mean
1657.npy,mean
1658.npy,mean
1659.npy,mean
1660.npy,mean
1661.npy,mean
1662.npy,mean
1663.npy,mean
1664.npy,mean
1665.npy,meat
1666.npy,meat
1667.npy,meat
1668.npy,meat
1669.npy,meat
1670.npy,meat
1671.npy,meat
1672.npy,medicine
1673.npy,medicine
1674.npy,medicine
1675.npy,medicine
1676.npy,medicine
1677.npy,medicine
1678.npy,medicine
1679.npy,medicine
1680.npy,medicine
1681.npy,medicine
1682.npy,medicine
1683.npy,medicine
1684.npy,meet
1685.npy,meet
1686.npy,meet
1687.npy,meet
1688.npy,meet
1689.npy,meet
1690.npy,meet
1691.npy,meet
1692.npy,meet
1693.npy,meet
1694.npy,meet
1695.npy,meet
1696.npy,meet
1697.npy,milk
1698.npy,milk
1699.npy,milk
1700.npy,milk
1701.npy,milk
1702.npy,milk
1703.npy,milk
1704.npy,money
1705.npy,money
1706.npy,money
1707.npy,money
1708.npy,money
1709.npy,money
1710.npy,money
1711.npy,more
1712.npy,more
1713.npy,more
1714.npy,more
1715.npy,more
1716.npy,more
1717.npy,more
1718.npy,most
1719.npy,most
1720.npy,most
1721.npy,most
1722.npy,most
1723.npy,most
1724.npy,most
1725.npy,mother
1726.npy,mother
1727.npy,mother
1728.npy,mother
1729.npy,mother
1730.npy,mother
1731.npy,mother
1732.npy,mother
1733.npy,mother
1734.npy,mother
1735.npy,mother
1736.npy,mother
1737.npy,mother
1738.npy,movie
1739.npy,movie
1740.npy,movie
1741.npy,movie
1742.npy,movie
1743.npy,movie
1744.npy,movie
1745.npy,movie
1746.npy,movie
1747.npy,movie
1748.npy,music
1749.npy,music
1750.npy,music
1751.npy,music
1752.npy,music
1753.npy,music
1754.npy,name
1755.npy,name
1756.npy,name
1757.npy,name
1758.npy,name
1759.npy,name
1760.npy,name
1761.npy,name
1762.npy,need
1763.npy,need
1764.npy,need
1765.npy,need
1766.npy,need
1767.npy,need
1768.npy,need
1769.npy,need
1770.npy,need
1771.npy,need
1772.npy,need
1773.npy,new
1774.npy,new
1775.npy,new
1776.npy,new
1777.npy,new
1778.npy,new
1779.npy,new
1780.npy,new
1781.npy,no
1782.npy,no
1783.npy,no
1784.npy,no
1785.npy,no
1786.npy,no
1787.npy,no
1788.npy,no
1789.npy,no
1790.npy,no
1791.npy,no
1792.npy,no
1793.npy,no
1794.npy,none
1795.npy,none
1796.npy,none
1797.npy,none
1798.npy,none
1799.npy,none
1800.npy,now
1801.npy,now
1802.npy,now
1803.npy,now
1804.npy,now
1805.npy,now
1806.npy,now
1807.npy,now
1808.npy,now
1809.npy,now
1810.npy,office
1811.npy,office
1812.npy,office
1813.npy,office
1814.npy,office
1815.npy,office
1816.npy,office
1817.npy,office
1818.npy,office
1819.npy,old
1820.npy,old
1821.npy,old
1822.npy,old
1823.npy,old
1824.npy,old
1825.npy,old
1826.npy,old
1827.npy,old
1828.npy,orange
1829.npy,orange
1830.npy,orange
1831.npy,orange
1832.npy,orange
1833.npy,orange
1834.npy,orange
1835.npy,orange
1836.npy,orange
1837.npy,orange
1838.npy,orange
1839.npy,orange
1840.npy,order
1841.npy,order
1842.npy,order
1843.npy,order
1844.npy,order
1845.npy,order
1846.npy,order
1847.npy,order
1848.npy,paint
1849.npy,paint
1850.npy,paint
1851.npy,paint
1852.npy,paint
1853.npy,paint
1854.npy,paint
1855.npy,paint
1856.npy,paint
1857.npy,paint
1858.npy,paint
1859.npy,pants
1860.npy,pants
1861.npy,pants
1862.npy,pants
1863.npy,pants
1864.npy,pants
1865.npy,pants
1866.npy,pants
1867.npy,pants
1868.npy,paper
1869.npy,paper
1870.npy,paper
1871.npy,paper
1872.npy,paper
1873.npy,paper
1874.npy,paper
1875.npy,paper
1876.npy,paper
1877.npy,paper
1878.npy,party
1879.npy,party
1880.npy,party
1881.npy,party
1882.npy,party
1883.npy,party
1884.npy,party
1885.npy,party
1886.npy,past
1887.npy,past
1888.npy,past
1889.npy,past
1890.npy,past
1891.npy,past
1892.npy,past
1893.npy,past
1894.npy,pencil
1895.npy,pencil
1896.npy,pencil
1897.npy,pencil
1898.npy,pencil
1899.npy,pencil
1900.npy,pencil
1901.npy,person
1902.npy,person
1903.npy,person
1904.npy,person
1905.npy,person
1906.npy,person
1907.npy,person
1908.npy,person
1909.npy,pink
1910.npy,pink
1911.npy,pink
1912.npy,pink
1913.npy,pink
1914.npy,pink
1915.npy,pink
1916.npy,pink
1917.npy,pink
1918.npy,pizza
1919.npy,pizza
1920.npy,pizza
1921.npy,pizza
1922.npy,pizza
1923.npy,pizza
1924.npy,pizza
1925.npy,pizza
1926.npy,pizza
1927.npy,pizza
1928.npy,pizza
1929.npy,pizza
1930.npy,plan
1931.npy,plan
1932.npy,plan
1933.npy,plan
1934.npy,plan
1935.npy,plan
1936.npy,plan
1937.npy,plan
1938.npy,play
1939.npy,play
1940.npy,play
1941.npy,play
1942.npy,play
1943.npy,play
1944.npy,play
1945.npy,play
1946.npy,play
1947.npy,play
1948.npy,play
1949.npy,please
1950.npy,please
1951.npy,please
1952.npy,please
1953.npy,please
1954.npy,please
1955.npy,please
1956.npy,police
1957.npy,police
1958.npy,police
1959.npy,police
1960.npy,police
1961.npy,police
1962.npy,police
1963.npy,police
1964.npy,police
1965.npy,police
1966.npy,police
1967.npy,practice
1968.npy,practice
1969.npy,practice
1970.npy,practice
1971.npy,practice
1972.npy,practice
1973.npy,practice
1974.npy,president
1975.npy,president
1976.npy,president
1977.npy,president
1978.npy,president
1979.npy,president
1980.npy,president
1981.npy,president
1982.npy,problem
1983.npy,problem
1984.npy,problem
1985.npy,problem
1986.npy,problem
1987.npy,problem
1988.npy,problem
1989.npy,problem
1990.npy,problem
1991.npy,pull
1992.npy,pull
1993.npy,pull
1994.npy,pull
1995.npy,pull
1996.npy,pull
1997.npy,pull
1998.npy,pull
1999.npy,pull
2000.npy,pull
2001.npy,purple
2002.npy,purple
2003.npy,purple
2004.npy,purple
2005.npy,purple
2006.npy,purple
2007.npy,purple
2008.npy,purple
2009.npy,rabbit
2010.npy,rabbit
2011.npy,rabbit
2012.npy,rabbit
2013.npy,rabbit
2014.npy,rabbit
2015.npy,rabbit
2016.npy,rabbit
2017.npy,rabbit
2018.npy,rabbit
2019.npy,read
2020.npy,read
2021.npy,read
2022.npy,read
2023.npy,read
2024.npy,read
2025.npy,read
2026.npy,read
2027.npy,read
2028.npy,red
2029.npy,red
2030.npy,red
2031.npy,red
2032.npy,red
2033.npy,red
2034.npy,red
2035.npy,red
2036.npy,red
2037.npy,remember
2038.npy,remember
2039.npy,remember
2040.npy,remember
2041.npy,remember
2042.npy,remember
2043.npy,remember
2044.npy,remember
2045.npy,restaurant
2046.npy,restaurant
2047.npy,restaurant
2048.npy,restaurant
2049.npy,restaurant
2050.npy,restaurant
2051.npy,ride
2052.npy,ride
2053.npy,ride
2054.npy,ride
2055.npy,ride
2056.npy,ride
2057.npy,ride
2058.npy,ride
2059.npy,right
2060.npy,right
2061.npy,right
2062.npy,right
2063.npy,right
2064.npy,right
2065.npy,right
2066.npy,right
2067.npy,right
2068.npy,room
2069.npy,room
2070.npy,room
2071.npy,room
2072.npy,room
2073.npy,room
2074.npy,room
2075.npy,room
2076.npy,run
2077.npy,run
2078.npy,run
2079.npy,run
2080.npy,run
2081.npy,run
2082.npy,run
2083.npy,run
2084.npy,run
2085.npy,run
2086.npy,run
2087.npy,russia
2088.npy,russia
2089.npy,russia
2090.npy,russia
2091.npy,russia
2092.npy,russia
2093.npy,russia
2094.npy,russia
2095.npy,russia
2096.npy,salt
2097.npy,salt
2098.npy,salt
2099.npy,salt
2100.npy,salt
2101.npy,salt
2102.npy,salt
2103.npy,same
2104.npy,same
2105.npy,same
2106.npy,same
2107.npy,same
2108.npy,same
2109.npy,same
2110.npy,same
2111.npy,same
2112.npy,sandwich
2113.npy,sandwich
2114.npy,sandwich
2115.npy,sandwich
2116.npy,sandwich
2117.npy,sandwich
2118.npy,sandwich
2119.npy,school
2120.npy,school
2121.npy,school
2122.npy,school
2123.npy,school
2124.npy,school
2125.npy,school
2126.npy,school
2127.npy,school
2128.npy,school
2129.npy,school
2130.npy,secretary
2131.npy,secretary
2132.npy,secretary
2133.npy,secretary
2134.npy,secretary
2135.npy,secretary
2136.npy,secretary
2137.npy,secretary
2138.npy,secretary
2139.npy,secretary
2140.npy,secretary
2141.npy,secretary
2142.npy,share
2143.npy,share
2144.npy,share
2145.npy,share
2146.npy,share
2147.npy,share
2148.npy,share
2149.npy,share
2150.npy,share
2151.npy,share
2152.npy,share
2153.npy,shirt
2154.npy,shirt
2155.npy,shirt
2156.npy,shirt
2157.npy,shirt
2158.npy,shirt
2159.npy,shirt
2160.npy,shirt
2161.npy,shirt
2162.npy,shirt
2163.npy,shirt
2164.npy,shirt
2165.npy,short
2166.npy,short
2167.npy,short
2168.npy,short
2169.npy,short
2170.npy,short
2171.npy,short
2172.npy,short
2173.npy,short
2174.npy,short
2175.npy,short
2176.npy,show
2177.npy,show
2178.npy,show
2179.npy,show
2180.npy,show
2181.npy,show
2182.npy,show
2183.npy,show
2184.npy,show
2185.npy,show
2186.npy,show
2187.npy,show
2188.npy,sick
2189.npy,sick
2190.npy,sick
2191.npy,sick
2192.npy,sick
2193.npy,sick
2194.npy,sick
2195.npy,sick
2196.npy,sign
2197.npy,sign
2198.npy,sign
2199.npy,sign
2200.npy,sign
2201.npy,sign
2202.npy,sign
2203.npy,since
2204.npy,since
2205.npy,since
2206.npy,since
2207.npy,since
2208.npy,since
2209.npy,small
2210.npy,small
2211.npy,small
2212.npy,small
2213.npy,small
2214.npy,small
2215.npy,small
2216.npy,small
2217.npy,small
2218.npy,snow
2219.npy,snow
2220.npy,snow
2221.npy,snow
2222.npy,snow
2223.npy,snow
2224.npy,snow
2225.npy,snow
2226.npy,some
2227.npy,some
2228.npy,some
2229.npy,some
2230.npy,some
2231.npy,some
2232.npy,some
2233.npy,son
2234.npy,son
2235.npy,son
2236.npy,son
2237.npy,son
2238.npy,son
2239.npy,son
2240.npy,son
2241.npy,son
2242.npy,soon
2243.npy,soon
2244.npy,soon
2245.npy,soon
2246.npy,soon
2247.npy,soon
2248.npy,soon
2249.npy,soon
2250.npy,soon
2251.npy,south
2252.npy,south
2253.npy,south
2254.npy,south
2255.npy,south
2256.npy,south
2257.npy,south
2258.npy,south
2259.npy,stay
2260.npy,stay
2261.npy,stay
2262.npy,stay
2263.npy,stay
2264.npy,stay
2265.npy,stay
2266.npy,stay
2267.npy,stay
2268.npy,stay
2269.npy,student
2270.npy,student
2271.npy,student
2272.npy,student
2273.npy,student
2274.npy,student
2275.npy,student
2276.npy,student
2277.npy,student
2278.npy,student
2279.npy,study
2280.npy,study
2281.npy,study
2282.npy,study
2283.npy,study
2284.npy,study
2285.npy,study
2286.npy,study
2287.npy,study
2288.npy,study
2289.npy,study
2290.npy,study
2291.npy,sunday
2292.npy,sunday
2293.npy,sunday
2294.npy,sunday
2295.npy,sunday
2296.npy,sunday
2297.npy,sunday
2298.npy,sunday
2299.npy,sunday
2300.npy,sunday
2301.npy,sunday
2302.npy,table
2303.npy,table
2304.npy,table
2305.npy,table
2306.npy,table
2307.npy,table
2308.npy,table
2309.npy,table
2310.npy,table
2311.npy,table
2312.npy,table
2313.npy,table
2314.npy,table
2315.npy,table
2316.npy,table
2317.npy,take
2318.npy,take
2319.npy,take
2320.npy,take
2321.npy,take
2322.npy,take
2323.npy,take
2324.npy,take
2325.npy,take
2326.npy,tall
2327.npy,tall
2328.npy,tall
2329.npy,tall
2330.npy,tall
2331.npy,tall
2332.npy,tall
2333.npy,tall
2334.npy,tall
2335.npy,tall
2336.npy,tall
2337.npy,teacher
2338.npy,teacher
2339.npy,teacher
2340.npy,teacher
2341.npy,teacher
2342.npy,teacher
2343.npy,teacher
2344.npy,teacher
2345.npy,teacher
2346.npy,teacher
2347.npy,teacher
2348.npy,teach
2349.npy,teach
2350.npy,teach
2351.npy,teach
2352.npy,teach
2353.npy,teach
2354.npy,teach
2355.npy,tea
2356.npy,tea
2357.npy,tea
2358.npy,tea
2359.npy,tea
2360.npy,tea
2361.npy,tea
2362.npy,tea
2363.npy,tea
2364.npy,tell
2365.npy,tell
2366.npy,tell
2367.npy,tell
2368.npy,tell
2369.npy,tell
2370.npy,tell
2371.npy,tell
2372.npy,tell
2373.npy,tell
2374.npy,tell
2375.npy,tell
2376.npy,test
2377.npy,test
2378.npy,test
2379.npy,test
2380.npy,test
2381.npy,test
2382.npy,test
2383.npy,test
2384.npy,test
2385.npy,test
2386.npy,thanksgiving
2387.npy,thanksgiving
2388.npy,thanksgiving
2389.npy,thanksgiving
2390.npy,thanksgiving
2391.npy,thanksgiving
2392.npy,thanksgiving
2393.npy,thanksgiving
2394.npy,thanksgiving
2395.npy,thanksgiving
2396.npy,thanksgiving
2397.npy,thanksgiving
2398.npy,thanksgiving
2399.npy,theory
2400.npy,theory
2401.npy,theory
2402.npy,theory
2403.npy,theory
2404.npy,theory
2405.npy,theory
2406.npy,theory
2407.npy,thin
2408.npy,thin
2409.npy,thin
2410.npy,thin
2411.npy,thin
2412.npy,thin
2413.npy,thin
2414.npy,thin
2415.npy,thin
2416.npy,thin
2417.npy,thin
2418.npy,thin
2419.npy,thin
2420.npy,thursday
2421.npy,thursday
2422.npy,thursday
2423.npy,thursday
2424.npy,thursday
2425.npy,thursday
2426.npy,thursday
2427.npy,thursday
2428.npy,time
2429.npy,time
2430.npy,time
2431.npy,time
2432.npy,time
2433.npy,time
2434.npy,time
2435.npy,time
2436.npy,time
2437.npy,tired
2438.npy,tired
2439.npy,tired
2440.npy,tired
2441.npy,tired
2442.npy,tired
2443.npy,tired
2444.npy,tired
2445.npy,tired
2446.npy,tired
2447.npy,tomato
2448.npy,tomato
2449.npy,tomato
2450.npy,tomato
2451.npy,tomato
2452.npy,tomato
2453.npy,tomato
2454.npy,tomato
2455.npy,trade
2456.npy,trade
2457.npy,trade
2458.npy,trade
2459.npy,trade
2460.npy,trade
2461.npy,trade
2462.npy,trade
2463.npy,trade
2464.npy,trade
2465.npy,trade
2466.npy,train
2467.npy,train
2468.npy,train
2469.npy,train
2470.npy,train
2471.npy,train
2472.npy,train
2473.npy,travel
2474.npy,travel
2475.npy,travel
2476.npy,travel
2477.npy,travel
2478.npy,travel
2479.npy,travel
2480.npy,travel
2481.npy,ugly
2482.npy,ugly
2483.npy,ugly
2484.npy,ugly
2485.npy,ugly
2486.npy,ugly
2487.npy,ugly
2488.npy,ugly
2489.npy,ugly
2490.npy,visit
2491.npy,visit
2492.npy,visit
2493.npy,visit
2494.npy,visit
2495.npy,visit
2496.npy,visit
2497.npy,visit
2498.npy,visit
2499.npy,visit
2500.npy,visit
2501.npy,visit
2502.npy,wait
2503.npy,wait
2504.npy,wait
2505.npy,wait
2506.npy,wait
2507.npy,wait
2508.npy,wait
2509.npy,wait
2510.npy,wait
2511.npy,wait
2512.npy,wait
2513.npy,walk
2514.npy,walk
2515.npy,walk
2516.npy,walk
2517.npy,walk
2518.npy,walk
2519.npy,walk
2520.npy,walk
2521.npy,walk
2522.npy,walk
2523.npy,walk
2524.npy,walk
2525.npy,want
2526.npy,want
2527.npy,want
2528.npy,want
2529.npy,want
2530.npy,want
2531.npy,want
2532.npy,want
2533.npy,want
2534.npy,want
2535.npy,want
2536.npy,war
2537.npy,war
2538.npy,war
2539.npy,war
2540.npy,war
2541.npy,war
2542.npy,war
2543.npy,war
2544.npy,water
2545.npy,water
2546.npy,water
2547.npy,water
2548.npy,water
2549.npy,water
2550.npy,water
2551.npy,water
2552.npy,water
2553.npy,week
2554.npy,week
2555.npy,week
2556.npy,week
2557.npy,week
2558.npy,week
2559.npy,week
2560.npy,week
2561.npy,week
2562.npy,week
2563.npy,what
2564.npy,what
2565.npy,what
2566.npy,what
2567.npy,what
2568.npy,what
2569.npy,what
2570.npy,what
2571.npy,what
2572.npy,what
2573.npy,where
2574.npy,where
2575.npy,where
2576.npy,where
2577.npy,where
2578.npy,where
2579.npy,where
2580.npy,white
2581.npy,white
2582.npy,white
2583.npy,white
2584.npy,white
2585.npy,white
2586.npy,white
2587.npy,white
2588.npy,white
2589.npy,white
2590.npy,white
2591.npy,white
2592.npy,who
2593.npy,who
2594.npy,who
2595.npy,who
2596.npy,who
2597.npy,who
2598.npy,who
2599.npy,who
2600.npy,who
2601.npy,who
2602.npy,who
2603.npy,why
2604.npy,why
2605.npy,why
2606.npy,why
2607.npy,why
2608.npy,why
2609.npy,why
2610.npy,why
2611.npy,why
2612.npy,why
2613.npy,wife
2614.npy,wife
2615.npy,wife
2616.npy,wife
2617.npy,wife
2618.npy,wife
2619.npy,wife
2620.npy,wife
2621.npy,wife
2622.npy,window
2623.npy,window
2624.npy,window
2625.npy,window
2626.npy,window
2627.npy,window
2628.npy,window
2629.npy,window
2630.npy,window
2631.npy,with
2632.npy,with
2633.npy,with
2634.npy,with
2635.npy,with
2636.npy,with
2637.npy,with
2638.npy,with
2639.npy,with
2640.npy,woman
2641.npy,woman
2642.npy,woman
2643.npy,woman
2644.npy,woman
2645.npy,woman
2646.npy,woman
2647.npy,woman
2648.npy,woman
2649.npy,woman
2650.npy,woman
2651.npy,woman
2652.npy,work
2653.npy,work
2654.npy,work
2655.npy,work
2656.npy,work
2657.npy,work
2658.npy,work
2659.npy,work
2660.npy,work
2661.npy,work
2662.npy,work
2663.npy,work
2664.npy,write
2665.npy,write
2666.npy,write
2667.npy,write
2668.npy,write
2669.npy,write
2670.npy,write
2671.npy,write
2672.npy,write
2673.npy,write
2674.npy,wrong
2675.npy,wrong
2676.npy,wrong
2677.npy,wrong
2678.npy,wrong
2679.npy,wrong
2680.npy,wrong
2681.npy,wrong
2682.npy,wrong
2683.npy,wrong
2684.npy,wrong
2685.npy,wrong
2686.npy,year
2687.npy,year
2688.npy,year
2689.npy,year
2690.npy,year
2691.npy,year
2692.npy,year
2693.npy,year
2694.npy,year
2695.npy,year
2696.npy,yellow
2697.npy,yellow
2698.npy,yellow
2699.npy,yellow
2700.npy,yellow
2701.npy,yellow
2702.npy,yellow
2703.npy,yellow
2704.npy,yes
2705.npy,yes
2706.npy,yes
2707.npy,yes
2708.npy,yes
2709.npy,yes
2710.npy,yes
2711.npy,yes
2712.npy,yes
2713.npy,yes
2714.npy,yes
2715.npy,yes
2716.npy,yes
2717.npy,yes
2718.npy,yesterday
2719.npy,yesterday
2720.npy,yesterday
2721.npy,yesterday
2722.npy,yesterday
2723.npy,yesterday
2724.npy,yesterday
2725.npy,yesterday
2726.npy,yesterday
2727.npy,you
2728.npy,you
2729.npy,you
2730.npy,you
2731.npy,you
2732.npy,you
2733.npy,you
2734.npy,you
2735.npy,you
2736.npy,you
2737.npy,your
2738.npy,your
2739.npy,your
2740.npy,your
2741.npy,your
2742.npy,your
2743.npy,your
2744.npy,your
2745.npy,your
2746.npy,your
2747.npy,about
2748.npy,about
2749.npy,accident
2750.npy,africa
2751.npy,all
2752.npy,always
2753.npy,animal
2754.npy,apple
2755.npy,apple
2756.npy,argue
2757.npy,arrive
2758.npy,baby
2759.npy,back
2760.npy,bad
2761.npy,bake
2762.npy,bake
2763.npy,balance
2764.npy,ball
2765.npy,banana
2766.npy,banana
2767.npy,basketball
2768.npy,basketball
2769.npy,bath
2770.npy,bathroom
2771.npy,beard
2772.npy,because
2773.npy,because
2774.npy,bed
2775.npy,bed
2776.npy,before
2777.npy,behind
2778.npy,bird
2779.npy,birthday
2780.npy,black
2781.npy,blanket
2782.npy,blue
2783.npy,book
2784.npy,bowling
2785.npy,bowling
2786.npy,boy
2787.npy,bring
2788.npy,brother
2789.npy,brown
2790.npy,business
2791.npy,but
2792.npy,call
2793.npy,candy
2794.npy,candy
2795.npy,careful
2796.npy,careful
2797.npy,cat
2798.npy,cat
2799.npy,center
2800.npy,cereal
2801.npy,chair
2802.npy,champion
2803.npy,change
2804.npy,check
2805.npy,cheese
2806.npy,children
2807.npy,christmas
2808.npy,city
2809.npy,city
2810.npy,class
2811.npy,cool
2812.npy,copy
2813.npy,corn
2814.npy,corn
2815.npy,cough
2816.npy,country
2817.npy,crazy
2818.npy,crazy
2819.npy,dance
2820.npy,dark
2821.npy,dark
2822.npy,day
2823.npy,deaf
2824.npy,decide
2825.npy,decide
2826.npy,delicious
2827.npy,different
2828.npy,discuss
2829.npy,divorce
2830.npy,doctor
2831.npy,doctor
2832.npy,dog
2833.npy,door
2834.npy,draw
2835.npy,drink
2836.npy,drink
2837.npy,call
2838.npy,east
2839.npy,easy
2840.npy,eat
2841.npy,egg
2842.npy,enjoy
2843.npy,environment
2844.npy,environment
2845.npy,example
2846.npy,example
2847.npy,family
2848.npy,feel
2849.npy,finish
2850.npy,first
2851.npy,first
2852.npy,fish
2853.npy,flower
2854.npy,friendly
2855.npy,future
2856.npy,future
2857.npy,game
2858.npy,girl
2859.npy,glasses
2860.npy,go
2861.npy,government
2862.npy,green
2863.npy,hair
2864.npy,halloween
2865.npy,halloween
2866.npy,headache
2867.npy,help
2868.npy,help
2869.npy,here
2870.npy,husband
2871.npy,improve
2872.npy,inform
2873.npy,jump
2874.npy,kill
2875.npy,kiss
2876.npy,knife
2877.npy,language
2878.npy,language
2879.npy,last
2880.npy,late
2881.npy,later
2882.npy,laugh
2883.npy,law
2884.npy,learn
2885.npy,letter
2886.npy,live
2887.npy,live
2888.npy,man
2889.npy,man
2890.npy,match
2891.npy,meat
2892.npy,money
2893.npy,most
2894.npy,mother
2895.npy,mother
2896.npy,music
2897.npy,no
2898.npy,none
2899.npy,orange
2900.npy,party
2901.npy,party
2902.npy,person
2903.npy,pink
2904.npy,pizza
2905.npy,plan
2906.npy,practice
2907.npy,president
2908.npy,pull
2909.npy,purple
2910.npy,restaurant
2911.npy,ride
2912.npy,room
2913.npy,room
2914.npy,salt
2915.npy,sandwich
2916.npy,sandwich
2917.npy,secretary
2918.npy,short
2919.npy,sick
2920.npy,since
2921.npy,since
2922.npy,snow
2923.npy,snow
2924.npy,son
2925.npy,son
2926.npy,soon
2927.npy,study
2928.npy,tall
2929.npy,teacher
2930.npy,theory
2931.npy,theory
2932.npy,thin
2933.npy,thursday
2934.npy,thursday
2935.npy,thursday
2936.npy,thursday
2937.npy,time
2938.npy,tomato
2939.npy,train
2940.npy,travel
2941.npy,visit
2942.npy,wait
2943.npy,walk
2944.npy,walk
2945.npy,war
2946.npy,water
2947.npy,week
2948.npy,what
2949.npy,where
2950.npy,who
2951.npy,who
2952.npy,who
2953.npy,why
2954.npy,wife
2955.npy,wife
2956.npy,with
2957.npy,woman
2958.npy,woman
2959.npy,work
2960.npy,write
2961.npy,year
2962.npy,year
2963.npy,yellow
2964.npy,yes
2965.npy,yesterday
2966.npy,yesterday
2967.npy,work
2968.npy,wrong
2969.npy,year
2970.npy,yellow
2971.npy,yesterday
2972.npy,you
2973.npy,wait
2974.npy,walk
2975.npy,want
2976.npy,war
2977.npy,water
2978.npy,what
2979.npy,what
2980.npy,who
2981.npy,why
2982.npy,wife
2983.npy,window
2984.npy,woman
2985.npy,play
2986.npy,please
2987.npy,president
2988.npy,problem
2989.npy,problem
2990.npy,pull
2991.npy,purple
2992.npy,rabbit
2993.npy,read
2994.npy,red
2995.npy,remember
2996.npy,restaurant
2997.npy,right
2998.npy,right
2999.npy,room
3000.npy,run
3001.npy,russia
3002.npy,salt
3003.npy,same
3004.npy,same
3005.npy,sandwich
3006.npy,shirt
3007.npy,sick
3008.npy,small
3009.npy,snow
3010.npy,some
3011.npy,son
3012.npy,south
3013.npy,tall
3014.npy,tea
3015.npy,teach
3016.npy,tell
3017.npy,test
3018.npy,thanksgiving
3019.npy,thin
3020.npy,thursday
3021.npy,time
3022.npy,tomato
3023.npy,train
3024.npy,travel
3025.npy,africa
3026.npy,all
3027.npy,animal
3028.npy,apple
3029.npy,arrive
3030.npy,baby
3031.npy,bad
3032.npy,bake
3033.npy,balance
3034.npy,ball
3035.npy,banana
3036.npy,bar
3037.npy,basketball
3038.npy,bath
3039.npy,bathroom
3040.npy,because
3041.npy,behind
3042.npy,bird
3043.npy,birthday
3044.npy,black
3045.npy,blanket
3046.npy,book
3047.npy,bowling
3048.npy,boy
3049.npy,brown
3050.npy,business
3051.npy,but
3052.npy,buy
3053.npy,candy
3054.npy,careful
3055.npy,cat
3056.npy,cereal
3057.npy,center
3058.npy,chat
3059.npy,cheat
3060.npy,check
3061.npy,cheese
3062.npy,city
3063.npy,coffee
3064.npy,college
3065.npy,cold
3066.npy,cook
3067.npy,copy
3068.npy,corn
3069.npy,cough
3070.npy,country
3071.npy,cow
3072.npy,crazy
3073.npy,cry
3074.npy,cute
3075.npy,cute
3076.npy,day
3077.npy,decide
3078.npy,decide
3079.npy,delicious
3080.npy,disappear
3081.npy,door
3082.npy,draw
3083.npy,dress
3084.npy,drink
3085.npy,drop
3086.npy,east
3087.npy,easy
3088.npy,eat
3089.npy,egg
3090.npy,enjoy
3091.npy,far
3092.npy,feel
3093.npy,fine
3094.npy,fine
3095.npy,finish
3096.npy,first
3097.npy,flower
3098.npy,football
3099.npy,friend
3100.npy,friendly
3101.npy,full
3102.npy,future
3103.npy,game
3104.npy,girl
3105.npy,government
3106.npy,hair
3107.npy,hard
3108.npy,have
3109.npy,headache
3110.npy,heart
3111.npy,help
3112.npy,home
3113.npy,hope
3114.npy,how
3115.npy,house
3116.npy,humble
3117.npy,husband
3118.npy,internet
3119.npy,interest
3120.npy,jacket
3121.npy,jump
3122.npy,kill
3123.npy,kiss
3124.npy,knife
3125.npy,know
3126.npy,late
3127.npy,leave
3128.npy,letter
3129.npy,live
3130.npy,list
3131.npy,live
3132.npy,lose
3133.npy,make
3134.npy,many
3135.npy,mean
3136.npy,meat
3137.npy,medicine
3138.npy,milk
3139.npy,more
3140.npy,movie
3141.npy,music
3142.npy,name
3143.npy,need
3144.npy,new
3145.npy,no
3146.npy,now
3147.npy,office
3148.npy,old
3149.npy,order
3150.npy,order
3151.npy,paint
3152.npy,pants
3153.npy,paper
3154.npy,past
3155.npy,pencil
3156.npy,person
3157.npy,pink
3158.npy,apple
3159.npy,before
3160.npy,blue
3161.npy,book
3162.npy,book
3163.npy,but
3164.npy,candy
3165.npy,chair
3166.npy,chat
3167.npy,class
3168.npy,clothes
3169.npy,coffee
3170.npy,color
3171.npy,computer
3172.npy,cook
3173.npy,deaf
3174.npy,door
3175.npy,draw
3176.npy,dress
3177.npy,drink
3178.npy,easy
3179.npy,eat
3180.npy,enjoy
3181.npy,fine
3182.npy,finish
3183.npy,forget
3184.npy,hair
3185.npy,hard
3186.npy,hat
3187.npy,have
3188.npy,hearing
3189.npy,here
3190.npy,jacket
3191.npy,jump
3192.npy,language
3193.npy,language
3194.npy,last
3195.npy,milk
3196.npy,most
3197.npy,music
3198.npy,name
3199.npy,none
3200.npy,now
3201.npy,orange
3202.npy,paint
3203.npy,paper
3204.npy,person
3205.npy,play
3206.npy,purple
3207.npy,read
3208.npy,right
3209.npy,sick
3210.npy,sign
3211.npy,some
3212.npy,study
3213.npy,teach
3214.npy,tea
3215.npy,time
3216.npy,tired
3217.npy,travel
3218.npy,want
3219.npy,where
3220.npy,white
3221.npy,who
3222.npy,yellow
3223.npy,color
3224.npy,book
3225.npy,school
3226.npy,make
3227.npy,take
3228.npy,game
3229.npy,most
3230.npy,blue
3231.npy,sign
3232.npy,play
3233.npy,go
3234.npy,time
3235.npy,what
3236.npy,glasses
3237.npy,birthday
3238.npy,hearing
3239.npy,but
3240.npy,city
3241.npy,class
3242.npy,hat
3243.npy,divorce
3244.npy,none
3245.npy,drive
3246.npy,name
3247.npy,train
3248.npy,school
3249.npy,home
3250.npy,eat
3251.npy,graduate
3252.npy,want
3253.npy,need
3254.npy,milk
3255.npy,buy
3256.npy,with
3257.npy,apple
3258.npy,chair
3259.npy,deaf
3260.npy,cousin
3261.npy,brother
3262.npy,basketball
3263.npy,white
3264.npy,study
3265.npy,bar
3266.npy,money
3267.npy,dog
3268.npy,close
3269.npy,drink
3270.npy,red
3271.npy,different
3272.npy,finish
3273.npy,finish
3274.npy,forget
3275.npy,now
3276.npy,practice
3277.npy,with
3278.npy,water
3279.npy,purple
3280.npy,practice
3281.npy,dress
3282.npy,wife
3283.npy,now
3284.npy,husband
3285.npy,sick
3286.npy,draw
3287.npy,candy
3288.npy,man
3289.npy,game
3290.npy,bring
3291.npy,movie
3292.npy,girl
3293.npy,doctor
3294.npy,same
3295.npy,daughter
3296.npy,remember
3297.npy,clothes
3298.npy,who
3299.npy,ride
3300.npy,stay
3301.npy,shirt
3302.npy,friend
3303.npy,yellow
3304.npy,meet
3305.npy,dance
3306.npy,year
3307.npy,restaurant
3308.npy,where
3309.npy,boy
3310.npy,cook
3311.npy,join
3312.npy,family
3313.npy,coffee
3314.npy,brown
3315.npy,old
3316.npy,music
3317.npy,dance
3318.npy,computer
3319.npy,chat
3320.npy,future
3321.npy,green
3322.npy,last
3323.npy,eat
3324.npy,thanksgiving
3325.npy,all
3326.npy,animal
3327.npy,baby
3328.npy,back
3329.npy,book
3330.npy,boy
3331.npy,bring
3332.npy,catch
3333.npy,cool
3334.npy,corn
3335.npy,cow
3336.npy,dark
3337.npy,day
3338.npy,dog
3339.npy,father
3340.npy,feel
3341.npy,fish
3342.npy,football
3343.npy,girl
3344.npy,give
3345.npy,good
3346.npy,hard
3347.npy,here
3348.npy,house
3349.npy,jump
3350.npy,more
3351.npy,new
3352.npy,none
3353.npy,pink
3354.npy,please
3355.npy,salt
3356.npy,since
3357.npy,some
3358.npy,take
3359.npy,who
3360.npy,deaf
3361.npy,bake
3362.npy,coffee
3363.npy,tea
3364.npy,always
3365.npy,doctor
3366.npy,enjoy
3367.npy,cheese
3368.npy,egg
3369.npy,meat
3370.npy,water
3371.npy,money
3372.npy,easy
3373.npy,make
3374.npy,first
3375.npy,home
3376.npy,bird
3377.npy,snow
3378.npy,arrive
3379.npy,football
3380.npy,wrong
3381.npy,crash
3382.npy,past
3383.npy,dance
3384.npy,disappear
3385.npy,law
3386.npy,back
3387.npy,restaurant
3388.npy,plan
3389.npy,south
3390.npy,careful
3391.npy,teach
3392.npy,learn
3393.npy,college
3394.npy,school
3395.npy,sign
3396.npy,pencil
3397.npy,paper
3398.npy,again
3399.npy,please
3400.npy,have
3401.npy,more
3402.npy,chair
3403.npy,hurry
3404.npy,red
3405.npy,yellow
3406.npy,green
3407.npy,brown
3408.npy,black
3409.npy,white
3410.npy,pink
3411.npy,purple
3412.npy,orange
3413.npy,beard
3414.npy,ugly
3415.npy,friendly
3416.npy,good
3417.npy,write
3418.npy,drive
3419.npy,chair
3420.npy,window
3421.npy,book
3422.npy,pencil
3423.npy,read
3424.npy,happy
3425.npy,how
3426.npy,wrong
3427.npy,like
3428.npy,hour
3429.npy,week
3430.npy,year
3431.npy,apple
3432.npy,candy
3433.npy,cousin
3434.npy,son
3435.npy,divorce
3436.npy,friend
3437.npy,now
3438.npy,before
3439.npy,since
3440.npy,short
3441.npy,time
3442.npy,birthday
3443.npy,birthday
3444.npy,crazy
3445.npy,house
3446.npy,remember
3447.npy,forget
3448.npy,pull
